shopName,itemType,category,brand,productName,modelNumber,skuCode,hsnCode,unit,purchasePrice,sellingPrice,gstPercent,stockQuantity,warrantyMonths,guaranteeMonths,supplierName,images
Beta Electricals,electronics,Fridge,Havells,Havells Fridge 1,MOD-1001,SKU-10001,HSN8001,piece,15469,20109,18,5,12,0,Beta Electricals Supplier A,https://images.unsplash.com/photo-1593359677879-a4bb92f829d1?q=80&w=800
Alpha Electronics,electrical,Bulb,Usha,Usha Bulb 2,MOD-1002,SKU-10002,HSN8002,piece,102,132,18,22,12,0,Alpha Electronics Supplier C,https://images.unsplash.com/photo-1593359677879-a4bb92f829d1?q=80&w=800
Alpha Electronics,electronics,Heater,Anchor,Anchor Heater 3,MOD-1003,SKU-10003,HSN8003,piece,106,137,18,10,12,0,Alpha Electronics Supplier B,https://images.unsplash.com/photo-1593359677879-a4bb92f829d1?q=80&w=800
Alpha Electronics,electronics,Fan,Havells,Havells Fan 4,MOD-1004,SKU-10004,HSN8004,piece,1260,1638,18,24,12,0,Alpha Electronics Supplier C,https://images.unsplash.com/photo-1593359677879-a4bb92f829d1?q=80&w=800
Gamma Gadgets,electronics,Fan,Havells,Havells Fan 5,MOD-1005,SKU-10005,HSN8005,piece,1246,1619,18,38,12,0,Gamma Gadgets Supplier B,https://images.unsplash.com/photo-1593359677879-a4bb92f829d1?q=80&w=800
Gamma Gadgets,electronics,Mixer,Anchor,Anchor Mixer 6,MOD-1006,SKU-10006,HSN8006,piece,116,150,18,22,12,0,Gamma Gadgets Supplier B,https://images.unsplash.com/photo-1593359677879-a4bb92f829d1?q=80&w=800
Beta Electricals,electronics,Iron,Bajaj,Bajaj Iron 7,MOD-1007,SKU-10007,HSN8007,piece,105,136,18,41,12,0,Beta Electricals Supplier C,https://images.unsplash.com/photo-1593359677879-a4bb92f829d1?q=80&w=800
Beta Electricals,electrical,Wire,LG,LG Wire 8,MOD-1008,SKU-10008,HSN8008,piece,110,143,18,30,12,0,Beta Electricals Supplier A,https://images.unsplash.com/photo-1593359677879-a4bb92f829d1?q=80&w=800
Alpha Electronics,electronics,Mixer,Usha,Usha Mixer 9,MOD-1009,SKU-10009,HSN8009,piece,100,130,18,37,12,0,Alpha Electronics Supplier A,https://images.unsplash.com/photo-1593359677879-a4bb92f829d1?q=80&w=800
Beta Electricals,electronics,Fan,Samsung,Samsung Fan 10,MOD-1010,SKU-10010,HSN8010,piece,1348,1752,18,9,12,0,Beta Electricals Supplier C,https://images.unsplash.com/photo-1593359677879-a4bb92f829d1?q=80&w=800
Beta Electricals,electronics,Mixer,Crompton,Crompton Mixer 11,MOD-1011,SKU-10011,HSN8011,piece,112,145,18,42,12,0,Beta Electricals Supplier B,https://images.unsplash.com/photo-1593359677879-a4bb92f829d1?q=80&w=800
Alpha Electronics,electronics,Mixer,Samsung,Samsung Mixer 12,MOD-1012,SKU-10012,HSN8012,piece,116,150,18,21,12,0,Alpha Electronics Supplier C,https://images.unsplash.com/photo-1593359677879-a4bb92f829d1?q=80&w=800
Beta Electricals,electronics,Iron,Legrand,Legrand Iron 13,MOD-1013,SKU-10013,HSN8013,piece,105,136,18,14,12,0,Beta Electricals Supplier A,https://images.unsplash.com/photo-1593359677879-a4bb92f829d1?q=80&w=800
Beta Electricals,electronics,AC,Legrand,Legrand AC 14,MOD-1014,SKU-10014,HSN8014,piece,25369,32979,18,31,12,0,Beta Electricals Supplier B,https://images.unsplash.com/photo-1593359677879-a4bb92f829d1?q=80&w=800
Alpha Electronics,electrical,Wire,Anchor,Anchor Wire 15,MOD-1015,SKU-10015,HSN8015,piece,108,140,18,21,12,0,Alpha Electronics Supplier A,https://images.unsplash.com/photo-1593359677879-a4bb92f829d1?q=80&w=800
Beta Electricals,electrical,Bulb,LG,LG Bulb 16,MOD-1016,SKU-10016,HSN8016,piece,118,153,18,47,12,0,Beta Electricals Supplier C,https://images.unsplash.com/photo-1593359677879-a4bb92f829d1?q=80&w=800
Alpha Electronics,electrical,MCB,Crompton,Crompton MCB 17,MOD-1017,SKU-10017,HSN8017,piece,104,135,18,17,12,0,Alpha Electronics Supplier A,https://images.unsplash.com/photo-1593359677879-a4bb92f829d1?q=80&w=800
Alpha Electronics,electronics,AC,Bajaj,Bajaj AC 18,MOD-1018,SKU-10018,HSN8018,piece,25343,32945,18,26,12,0,Alpha Electronics Supplier B,https://images.unsplash.com/photo-1593359677879-a4bb92f829d1?q=80&w=800
Gamma Gadgets,electronics,Fan,LG,LG Fan 19,MOD-1019,SKU-10019,HSN8019,piece,1310,1703,18,28,12,0,Gamma Gadgets Supplier B,https://images.unsplash.com/photo-1593359677879-a4bb92f829d1?q=80&w=800
Beta Electricals,electronics,Heater,Samsung,Samsung Heater 20,MOD-1020,SKU-10020,HSN8020,piece,107,139,18,6,12,0,Beta Electricals Supplier A,https://images.unsplash.com/photo-1593359677879-a4bb92f829d1?q=80&w=800
Beta Electricals,electrical,Switch,Legrand,Legrand Switch 21,MOD-1021,SKU-10021,HSN8021,piece,53,68,18,50,12,0,Beta Electricals Supplier A,https://images.unsplash.com/photo-1593359677879-a4bb92f829d1?q=80&w=800
Beta Electricals,electrical,Wire,Havells,Havells Wire 22,MOD-1022,SKU-10022,HSN8022,piece,118,153,18,6,12,0,Beta Electricals Supplier B,https://images.unsplash.com/photo-1593359677879-a4bb92f829d1?q=80&w=800
Gamma Gadgets,electronics,Fridge,Samsung,Samsung Fridge 23,MOD-1023,SKU-10023,HSN8023,piece,16861,21919,18,29,12,0,Gamma Gadgets Supplier A,https://images.unsplash.com/photo-1593359677879-a4bb92f829d1?q=80&w=800
Alpha Electronics,electrical,Bulb,Crompton,Crompton Bulb 24,MOD-1024,SKU-10024,HSN8024,piece,100,130,18,6,12,0,Alpha Electronics Supplier A,https://images.unsplash.com/photo-1593359677879-a4bb92f829d1?q=80&w=800
Alpha Electronics,electronics,Fan,Crompton,Crompton Fan 25,MOD-1025,SKU-10025,HSN8025,piece,1413,1836,18,22,12,0,Alpha Electronics Supplier B,https://images.unsplash.com/photo-1593359677879-a4bb92f829d1?q=80&w=800
Alpha Electronics,electronics,Fan,Samsung,Samsung Fan 26,MOD-1026,SKU-10026,HSN8026,piece,1292,1679,18,22,12,0,Alpha Electronics Supplier C,https://images.unsplash.com/photo-1593359677879-a4bb92f829d1?q=80&w=800
Beta Electricals,electronics,Mixer,Anchor,Anchor Mixer 27,MOD-1027,SKU-10027,HSN8027,piece,114,148,18,16,12,0,Beta Electricals Supplier A,https://images.unsplash.com/photo-1593359677879-a4bb92f829d1?q=80&w=800
Gamma Gadgets,electronics,AC,Havells,Havells AC 28,MOD-1028,SKU-10028,HSN8028,piece,26785,34820,18,17,12,0,Gamma Gadgets Supplier A,https://images.unsplash.com/photo-1593359677879-a4bb92f829d1?q=80&w=800
Alpha Electronics,electronics,Mixer,Havells,Havells Mixer 29,MOD-1029,SKU-10029,HSN8029,piece,114,148,18,44,12,0,Alpha Electronics Supplier C,https://images.unsplash.com/photo-1593359677879-a4bb92f829d1?q=80&w=800
Alpha Electronics,electronics,Fridge,Anchor,Anchor Fridge 30,MOD-1030,SKU-10030,HSN8030,piece,16130,20969,18,6,12,0,Alpha Electronics Supplier C,https://images.unsplash.com/photo-1593359677879-a4bb92f829d1?q=80&w=800
Gamma Gadgets,electrical,MCB,Philips,Philips MCB 31,MOD-1031,SKU-10031,HSN8031,piece,112,145,18,39,12,0,Gamma Gadgets Supplier B,https://images.unsplash.com/photo-1593359677879-a4bb92f829d1?q=80&w=800
Alpha Electronics,electrical,Wire,Usha,Usha Wire 32,MOD-1032,SKU-10032,HSN8032,piece,105,136,18,11,12,0,Alpha Electronics Supplier C,https://images.unsplash.com/photo-1593359677879-a4bb92f829d1?q=80&w=800
Alpha Electronics,electrical,Switch,Bajaj,Bajaj Switch 33,MOD-1033,SKU-10033,HSN8033,piece,56,72,18,34,12,0,Alpha Electronics Supplier A,https://images.unsplash.com/photo-1593359677879-a4bb92f829d1?q=80&w=800
Beta Electricals,electronics,Heater,Havells,Havells Heater 34,MOD-1034,SKU-10034,HSN8034,piece,107,139,18,27,12,0,Beta Electricals Supplier C,https://images.unsplash.com/photo-1593359677879-a4bb92f829d1?q=80&w=800
Alpha Electronics,electronics,Fridge,Crompton,Crompton Fridge 35,MOD-1035,SKU-10035,HSN8035,piece,17575,22847,18,17,12,0,Alpha Electronics Supplier A,https://images.unsplash.com/photo-1593359677879-a4bb92f829d1?q=80&w=800
Beta Electricals,electrical,Switch,Havells,Havells Switch 36,MOD-1036,SKU-10036,HSN8036,piece,58,75,18,24,12,0,Beta Electricals Supplier A,https://images.unsplash.com/photo-1593359677879-a4bb92f829d1?q=80&w=800
Beta Electricals,electronics,Fridge,Crompton,Crompton Fridge 37,MOD-1037,SKU-10037,HSN8037,piece,15343,19945,18,10,12,0,Beta Electricals Supplier B,https://images.unsplash.com/photo-1593359677879-a4bb92f829d1?q=80&w=800
Gamma Gadgets,electronics,Fan,Usha,Usha Fan 38,MOD-1038,SKU-10038,HSN8038,piece,1316,1710,18,40,12,0,Gamma Gadgets Supplier C,https://images.unsplash.com/photo-1593359677879-a4bb92f829d1?q=80&w=800
Gamma Gadgets,electronics,Fridge,Crompton,Crompton Fridge 39,MOD-1039,SKU-10039,HSN8039,piece,16686,21691,18,21,12,0,Gamma Gadgets Supplier A,https://images.unsplash.com/photo-1593359677879-a4bb92f829d1?q=80&w=800
Alpha Electronics,electronics,Mixer,Crompton,Crompton Mixer 40,MOD-1040,SKU-10040,HSN8040,piece,109,141,18,45,12,0,Alpha Electronics Supplier C,https://images.unsplash.com/photo-1593359677879-a4bb92f829d1?q=80&w=800
Alpha Electronics,electronics,Heater,Crompton,Crompton Heater 41,MOD-1041,SKU-10041,HSN8041,piece,116,150,18,30,12,0,Alpha Electronics Supplier A,https://images.unsplash.com/photo-1593359677879-a4bb92f829d1?q=80&w=800
Gamma Gadgets,electronics,Fan,Havells,Havells Fan 42,MOD-1042,SKU-10042,HSN8042,piece,1268,1648,18,4,12,0,Gamma Gadgets Supplier C,https://images.unsplash.com/photo-1593359677879-a4bb92f829d1?q=80&w=800
Alpha Electronics,electronics,AC,Havells,Havells AC 43,MOD-1043,SKU-10043,HSN8043,piece,26447,34381,18,23,12,0,Alpha Electronics Supplier B,https://images.unsplash.com/photo-1593359677879-a4bb92f829d1?q=80&w=800
Alpha Electronics,electrical,Wire,Bajaj,Bajaj Wire 44,MOD-1044,SKU-10044,HSN8044,piece,113,146,18,32,12,0,Alpha Electronics Supplier A,https://images.unsplash.com/photo-1593359677879-a4bb92f829d1?q=80&w=800
Beta Electricals,electrical,Wire,Philips,Philips Wire 45,MOD-1045,SKU-10045,HSN8045,piece,102,132,18,27,12,0,Beta Electricals Supplier B,https://images.unsplash.com/photo-1593359677879-a4bb92f829d1?q=80&w=800
Beta Electricals,electrical,MCB,Bajaj,Bajaj MCB 46,MOD-1046,SKU-10046,HSN8046,piece,118,153,18,34,12,0,Beta Electricals Supplier C,https://images.unsplash.com/photo-1593359677879-a4bb92f829d1?q=80&w=800
Beta Electricals,electronics,AC,Philips,Philips AC 47,MOD-1047,SKU-10047,HSN8047,piece,29897,38866,18,36,12,0,Beta Electricals Supplier A,https://images.unsplash.com/photo-1593359677879-a4bb92f829d1?q=80&w=800
Gamma Gadgets,electronics,Iron,Bajaj,Bajaj Iron 48,MOD-1048,SKU-10048,HSN8048,piece,105,136,18,33,12,0,Gamma Gadgets Supplier C,https://images.unsplash.com/photo-1593359677879-a4bb92f829d1?q=80&w=800
Gamma Gadgets,electronics,Fridge,Havells,Havells Fridge 49,MOD-1049,SKU-10049,HSN8049,piece,16381,21295,18,22,12,0,Gamma Gadgets Supplier B,https://images.unsplash.com/photo-1593359677879-a4bb92f829d1?q=80&w=800
Beta Electricals,electronics,Iron,LG,LG Iron 50,MOD-1050,SKU-10050,HSN8050,piece,106,137,18,21,12,0,Beta Electricals Supplier A,https://images.unsplash.com/photo-1593359677879-a4bb92f829d1?q=80&w=800
Alpha Electronics,electrical,Switch,Usha,Usha Switch 51,MOD-1051,SKU-10051,HSN8051,piece,54,70,18,7,12,0,Alpha Electronics Supplier B,https://images.unsplash.com/photo-1593359677879-a4bb92f829d1?q=80&w=800
Alpha Electronics,electrical,Wire,Legrand,Legrand Wire 52,MOD-1052,SKU-10052,HSN8052,piece,104,135,18,37,12,0,Alpha Electronics Supplier C,https://images.unsplash.com/photo-1593359677879-a4bb92f829d1?q=80&w=800
Alpha Electronics,electronics,AC,Anchor,Anchor AC 53,MOD-1053,SKU-10053,HSN8053,piece,28526,37083,18,15,12,0,Alpha Electronics Supplier B,https://images.unsplash.com/photo-1593359677879-a4bb92f829d1?q=80&w=800
Beta Electricals,electronics,Heater,Samsung,Samsung Heater 54,MOD-1054,SKU-10054,HSN8054,piece,108,140,18,11,12,0,Beta Electricals Supplier A,https://images.unsplash.com/photo-1593359677879-a4bb92f829d1?q=80&w=800
Gamma Gadgets,electronics,Fridge,Samsung,Samsung Fridge 55,MOD-1055,SKU-10055,HSN8055,piece,15650,20345,18,10,12,0,Gamma Gadgets Supplier C,https://images.unsplash.com/photo-1593359677879-a4bb92f829d1?q=80&w=800
Gamma Gadgets,electronics,Iron,Havells,Havells Iron 56,MOD-1056,SKU-10056,HSN8056,piece,119,154,18,14,12,0,Gamma Gadgets Supplier A,https://images.unsplash.com/photo-1593359677879-a4bb92f829d1?q=80&w=800
Alpha Electronics,electrical,Wire,Anchor,Anchor Wire 57,MOD-1057,SKU-10057,HSN8057,piece,100,130,18,34,12,0,Alpha Electronics Supplier B,https://images.unsplash.com/photo-1593359677879-a4bb92f829d1?q=80&w=800
Beta Electricals,electrical,Switch,Anchor,Anchor Switch 58,MOD-1058,SKU-10058,HSN8058,piece,54,70,18,14,12,0,Beta Electricals Supplier C,https://images.unsplash.com/photo-1593359677879-a4bb92f829d1?q=80&w=800
Alpha Electronics,electrical,Bulb,Havells,Havells Bulb 59,MOD-1059,SKU-10059,HSN8059,piece,116,150,18,40,12,0,Alpha Electronics Supplier B,https://images.unsplash.com/photo-1593359677879-a4bb92f829d1?q=80&w=800
Gamma Gadgets,electronics,AC,Philips,Philips AC 60,MOD-1060,SKU-10060,HSN8060,piece,26084,33909,18,40,12,0,Gamma Gadgets Supplier C,https://images.unsplash.com/photo-1593359677879-a4bb92f829d1?q=80&w=800
Beta Electricals,electronics,Heater,Usha,Usha Heater 61,MOD-1061,SKU-10061,HSN8061,piece,104,135,18,36,12,0,Beta Electricals Supplier B,https://images.unsplash.com/photo-1593359677879-a4bb92f829d1?q=80&w=800
Alpha Electronics,electrical,MCB,Samsung,Samsung MCB 62,MOD-1062,SKU-10062,HSN8062,piece,104,135,18,33,12,0,Alpha Electronics Supplier C,https://images.unsplash.com/photo-1593359677879-a4bb92f829d1?q=80&w=800
Alpha Electronics,electrical,Wire,Crompton,Crompton Wire 63,MOD-1063,SKU-10063,HSN8063,piece,119,154,18,30,12,0,Alpha Electronics Supplier C,https://images.unsplash.com/photo-1593359677879-a4bb92f829d1?q=80&w=800
Alpha Electronics,electrical,MCB,Philips,Philips MCB 64,MOD-1064,SKU-10064,HSN8064,piece,104,135,18,26,12,0,Alpha Electronics Supplier C,https://images.unsplash.com/photo-1593359677879-a4bb92f829d1?q=80&w=800
Gamma Gadgets,electrical,Wire,Crompton,Crompton Wire 65,MOD-1065,SKU-10065,HSN8065,piece,103,133,18,11,12,0,Gamma Gadgets Supplier C,https://images.unsplash.com/photo-1593359677879-a4bb92f829d1?q=80&w=800
Beta Electricals,electrical,MCB,Philips,Philips MCB 66,MOD-1066,SKU-10066,HSN8066,piece,103,133,18,17,12,0,Beta Electricals Supplier C,https://images.unsplash.com/photo-1593359677879-a4bb92f829d1?q=80&w=800
Alpha Electronics,electronics,Iron,LG,LG Iron 67,MOD-1067,SKU-10067,HSN8067,piece,107,139,18,30,12,0,Alpha Electronics Supplier A,https://images.unsplash.com/photo-1593359677879-a4bb92f829d1?q=80&w=800
Beta Electricals,electronics,Mixer,Crompton,Crompton Mixer 68,MOD-1068,SKU-10068,HSN8068,piece,111,144,18,39,12,0,Beta Electricals Supplier C,https://images.unsplash.com/photo-1593359677879-a4bb92f829d1?q=80&w=800
Gamma Gadgets,electrical,MCB,Bajaj,Bajaj MCB 69,MOD-1069,SKU-10069,HSN8069,piece,113,146,18,13,12,0,Gamma Gadgets Supplier B,https://images.unsplash.com/photo-1593359677879-a4bb92f829d1?q=80&w=800
Alpha Electronics,electronics,Heater,Philips,Philips Heater 70,MOD-1070,SKU-10070,HSN8070,piece,114,148,18,26,12,0,Alpha Electronics Supplier C,https://images.unsplash.com/photo-1593359677879-a4bb92f829d1?q=80&w=800
Alpha Electronics,electronics,Heater,Legrand,Legrand Heater 71,MOD-1071,SKU-10071,HSN8071,piece,106,137,18,38,12,0,Alpha Electronics Supplier B,https://images.unsplash.com/photo-1593359677879-a4bb92f829d1?q=80&w=800
Alpha Electronics,electronics,Fridge,Usha,Usha Fridge 72,MOD-1072,SKU-10072,HSN8072,piece,16002,20802,18,2,12,0,Alpha Electronics Supplier B,https://images.unsplash.com/photo-1593359677879-a4bb92f829d1?q=80&w=800
Gamma Gadgets,electrical,Switch,Havells,Havells Switch 73,MOD-1073,SKU-10073,HSN8073,piece,51,66,18,26,12,0,Gamma Gadgets Supplier A,https://images.unsplash.com/photo-1593359677879-a4bb92f829d1?q=80&w=800
Gamma Gadgets,electrical,Wire,Usha,Usha Wire 74,MOD-1074,SKU-10074,HSN8074,piece,105,136,18,48,12,0,Gamma Gadgets Supplier C,https://images.unsplash.com/photo-1593359677879-a4bb92f829d1?q=80&w=800
Alpha Electronics,electronics,Fan,Havells,Havells Fan 75,MOD-1075,SKU-10075,HSN8075,piece,1423,1849,18,40,12,0,Alpha Electronics Supplier B,https://images.unsplash.com/photo-1593359677879-a4bb92f829d1?q=80&w=800
Gamma Gadgets,electrical,Bulb,Legrand,Legrand Bulb 76,MOD-1076,SKU-10076,HSN8076,piece,107,139,18,3,12,0,Gamma Gadgets Supplier B,https://images.unsplash.com/photo-1593359677879-a4bb92f829d1?q=80&w=800
Gamma Gadgets,electronics,AC,Legrand,Legrand AC 77,MOD-1077,SKU-10077,HSN8077,piece,28138,36579,18,39,12,0,Gamma Gadgets Supplier C,https://images.unsplash.com/photo-1593359677879-a4bb92f829d1?q=80&w=800
Beta Electricals,electrical,MCB,Havells,Havells MCB 78,MOD-1078,SKU-10078,HSN8078,piece,113,146,18,45,12,0,Beta Electricals Supplier C,https://images.unsplash.com/photo-1593359677879-a4bb92f829d1?q=80&w=800
Alpha Electronics,electrical,Wire,LG,LG Wire 79,MOD-1079,SKU-10079,HSN8079,piece,118,153,18,39,12,0,Alpha Electronics Supplier C,https://images.unsplash.com/photo-1593359677879-a4bb92f829d1?q=80&w=800
Alpha Electronics,electrical,Wire,Philips,Philips Wire 80,MOD-1080,SKU-10080,HSN8080,piece,111,144,18,41,12,0,Alpha Electronics Supplier C,https://images.unsplash.com/photo-1593359677879-a4bb92f829d1?q=80&w=800
Beta Electricals,electronics,Fridge,Legrand,Legrand Fridge 81,MOD-1081,SKU-10081,HSN8081,piece,15071,19592,18,44,12,0,Beta Electricals Supplier B,https://images.unsplash.com/photo-1593359677879-a4bb92f829d1?q=80&w=800
Alpha Electronics,electronics,Iron,Anchor,Anchor Iron 82,MOD-1082,SKU-10082,HSN8082,piece,107,139,18,46,12,0,Alpha Electronics Supplier C,https://images.unsplash.com/photo-1593359677879-a4bb92f829d1?q=80&w=800
Alpha Electronics,electronics,Fridge,Bajaj,Bajaj Fridge 83,MOD-1083,SKU-10083,HSN8083,piece,16023,20829,18,17,12,0,Alpha Electronics Supplier C,https://images.unsplash.com/photo-1593359677879-a4bb92f829d1?q=80&w=800
Gamma Gadgets,electronics,Fan,Usha,Usha Fan 84,MOD-1084,SKU-10084,HSN8084,piece,1392,1809,18,41,12,0,Gamma Gadgets Supplier B,https://images.unsplash.com/photo-1593359677879-a4bb92f829d1?q=80&w=800
Beta Electricals,electronics,Fridge,Bajaj,Bajaj Fridge 85,MOD-1085,SKU-10085,HSN8085,piece,16054,20870,18,12,12,0,Beta Electricals Supplier C,https://images.unsplash.com/photo-1593359677879-a4bb92f829d1?q=80&w=800
Alpha Electronics,electrical,MCB,Havells,Havells MCB 86,MOD-1086,SKU-10086,HSN8086,piece,116,150,18,47,12,0,Alpha Electronics Supplier B,https://images.unsplash.com/photo-1593359677879-a4bb92f829d1?q=80&w=800
Alpha Electronics,electrical,Wire,Anchor,Anchor Wire 87,MOD-1087,SKU-10087,HSN8087,piece,117,152,18,35,12,0,Alpha Electronics Supplier C,https://images.unsplash.com/photo-1593359677879-a4bb92f829d1?q=80&w=800
Beta Electricals,electronics,AC,Havells,Havells AC 88,MOD-1088,SKU-10088,HSN8088,piece,27545,35808,18,50,12,0,Beta Electricals Supplier C,https://images.unsplash.com/photo-1593359677879-a4bb92f829d1?q=80&w=800
Gamma Gadgets,electronics,Iron,Bajaj,Bajaj Iron 89,MOD-1089,SKU-10089,HSN8089,piece,111,144,18,2,12,0,Gamma Gadgets Supplier B,https://images.unsplash.com/photo-1593359677879-a4bb92f829d1?q=80&w=800
Gamma Gadgets,electrical,Wire,Anchor,Anchor Wire 90,MOD-1090,SKU-10090,HSN8090,piece,108,140,18,24,12,0,Gamma Gadgets Supplier C,https://images.unsplash.com/photo-1593359677879-a4bb92f829d1?q=80&w=800
Beta Electricals,electronics,Fridge,Philips,Philips Fridge 91,MOD-1091,SKU-10091,HSN8091,piece,17976,23368,18,32,12,0,Beta Electricals Supplier A,https://images.unsplash.com/photo-1593359677879-a4bb92f829d1?q=80&w=800
Alpha Electronics,electronics,Heater,Usha,Usha Heater 92,MOD-1092,SKU-10092,HSN8092,piece,107,139,18,41,12,0,Alpha Electronics Supplier A,https://images.unsplash.com/photo-1593359677879-a4bb92f829d1?q=80&w=800
Beta Electricals,electronics,Fridge,Philips,Philips Fridge 93,MOD-1093,SKU-10093,HSN8093,piece,15687,20393,18,40,12,0,Beta Electricals Supplier B,https://images.unsplash.com/photo-1593359677879-a4bb92f829d1?q=80&w=800
Beta Electricals,electrical,MCB,Philips,Philips MCB 94,MOD-1094,SKU-10094,HSN8094,piece,116,150,18,35,12,0,Beta Electricals Supplier A,https://images.unsplash.com/photo-1593359677879-a4bb92f829d1?q=80&w=800
Gamma Gadgets,electronics,Fan,Anchor,Anchor Fan 95,MOD-1095,SKU-10095,HSN8095,piece,1207,1569,18,13,12,0,Gamma Gadgets Supplier A,https://images.unsplash.com/photo-1593359677879-a4bb92f829d1?q=80&w=800
Gamma Gadgets,electronics,AC,Usha,Usha AC 96,MOD-1096,SKU-10096,HSN8096,piece,29192,37949,18,28,12,0,Gamma Gadgets Supplier A,https://images.unsplash.com/photo-1593359677879-a4bb92f829d1?q=80&w=800
Gamma Gadgets,electrical,Switch,Samsung,Samsung Switch 97,MOD-1097,SKU-10097,HSN8097,piece,53,68,18,25,12,0,Gamma Gadgets Supplier C,https://images.unsplash.com/photo-1593359677879-a4bb92f829d1?q=80&w=800
Gamma Gadgets,electronics,Mixer,Philips,Philips Mixer 98,MOD-1098,SKU-10098,HSN8098,piece,109,141,18,49,12,0,Gamma Gadgets Supplier A,https://images.unsplash.com/photo-1593359677879-a4bb92f829d1?q=80&w=800
Beta Electricals,electronics,Iron,Havells,Havells Iron 99,MOD-1099,SKU-10099,HSN8099,piece,113,146,18,20,12,0,Beta Electricals Supplier A,https://images.unsplash.com/photo-1593359677879-a4bb92f829d1?q=80&w=800
Alpha Electronics,electronics,Mixer,Legrand,Legrand Mixer 100,MOD-1100,SKU-10100,HSN8100,piece,109,141,18,37,12,0,Alpha Electronics Supplier C,https://images.unsplash.com/photo-1593359677879-a4bb92f829d1?q=80&w=800
Gamma Gadgets,electronics,AC,Samsung,Samsung AC 101,MOD-1101,SKU-10101,HSN8101,piece,25349,32953,18,20,12,0,Gamma Gadgets Supplier C,https://images.unsplash.com/photo-1593359677879-a4bb92f829d1?q=80&w=800
Alpha Electronics,electrical,Bulb,Philips,Philips Bulb 102,MOD-1102,SKU-10102,HSN8102,piece,115,149,18,36,12,0,Alpha Electronics Supplier C,https://images.unsplash.com/photo-1593359677879-a4bb92f829d1?q=80&w=800
Gamma Gadgets,electronics,Fan,Crompton,Crompton Fan 103,MOD-1103,SKU-10103,HSN8103,piece,1218,1583,18,27,12,0,Gamma Gadgets Supplier C,https://images.unsplash.com/photo-1593359677879-a4bb92f829d1?q=80&w=800
Beta Electricals,electronics,Iron,LG,LG Iron 104,MOD-1104,SKU-10104,HSN8104,piece,109,141,18,18,12,0,Beta Electricals Supplier A,https://images.unsplash.com/photo-1593359677879-a4bb92f829d1?q=80&w=800
Alpha Electronics,electronics,AC,LG,LG AC 105,MOD-1105,SKU-10105,HSN8105,piece,28691,37298,18,14,12,0,Alpha Electronics Supplier C,https://images.unsplash.com/photo-1593359677879-a4bb92f829d1?q=80&w=800
Gamma Gadgets,electrical,Switch,Crompton,Crompton Switch 106,MOD-1106,SKU-10106,HSN8106,piece,57,74,18,1,12,0,Gamma Gadgets Supplier C,https://images.unsplash.com/photo-1593359677879-a4bb92f829d1?q=80&w=800
Alpha Electronics,electronics,Iron,Samsung,Samsung Iron 107,MOD-1107,SKU-10107,HSN8107,piece,115,149,18,40,12,0,Alpha Electronics Supplier B,https://images.unsplash.com/photo-1593359677879-a4bb92f829d1?q=80&w=800
Gamma Gadgets,electronics,Mixer,Havells,Havells Mixer 108,MOD-1108,SKU-10108,HSN8108,piece,110,143,18,17,12,0,Gamma Gadgets Supplier A,https://images.unsplash.com/photo-1593359677879-a4bb92f829d1?q=80&w=800
Beta Electricals,electronics,Iron,Usha,Usha Iron 109,MOD-1109,SKU-10109,HSN8109,piece,109,141,18,9,12,0,Beta Electricals Supplier A,https://images.unsplash.com/photo-1593359677879-a4bb92f829d1?q=80&w=800
Beta Electricals,electronics,Fan,LG,LG Fan 110,MOD-1110,SKU-10110,HSN8110,piece,1309,1701,18,34,12,0,Beta Electricals Supplier A,https://images.unsplash.com/photo-1593359677879-a4bb92f829d1?q=80&w=800
Gamma Gadgets,electrical,Bulb,Anchor,Anchor Bulb 111,MOD-1111,SKU-10111,HSN8111,piece,109,141,18,40,12,0,Gamma Gadgets Supplier C,https://images.unsplash.com/photo-1593359677879-a4bb92f829d1?q=80&w=800
Beta Electricals,electronics,Heater,Bajaj,Bajaj Heater 112,MOD-1112,SKU-10112,HSN8112,piece,101,131,18,50,12,0,Beta Electricals Supplier A,https://images.unsplash.com/photo-1593359677879-a4bb92f829d1?q=80&w=800
Alpha Electronics,electrical,Wire,Bajaj,Bajaj Wire 113,MOD-1113,SKU-10113,HSN8113,piece,109,141,18,18,12,0,Alpha Electronics Supplier C,https://images.unsplash.com/photo-1593359677879-a4bb92f829d1?q=80&w=800
Alpha Electronics,electronics,Fridge,Usha,Usha Fridge 114,MOD-1114,SKU-10114,HSN8114,piece,17515,22769,18,21,12,0,Alpha Electronics Supplier B,https://images.unsplash.com/photo-1593359677879-a4bb92f829d1?q=80&w=800
Alpha Electronics,electrical,Bulb,LG,LG Bulb 115,MOD-1115,SKU-10115,HSN8115,piece,111,144,18,36,12,0,Alpha Electronics Supplier B,https://images.unsplash.com/photo-1593359677879-a4bb92f829d1?q=80&w=800
Gamma Gadgets,electronics,Fan,Anchor,Anchor Fan 116,MOD-1116,SKU-10116,HSN8116,piece,1244,1617,18,6,12,0,Gamma Gadgets Supplier B,https://images.unsplash.com/photo-1593359677879-a4bb92f829d1?q=80&w=800
Alpha Electronics,electronics,Heater,Legrand,Legrand Heater 117,MOD-1117,SKU-10117,HSN8117,piece,113,146,18,26,12,0,Alpha Electronics Supplier B,https://images.unsplash.com/photo-1593359677879-a4bb92f829d1?q=80&w=800
Gamma Gadgets,electronics,Fridge,Philips,Philips Fridge 118,MOD-1118,SKU-10118,HSN8118,piece,16570,21541,18,47,12,0,Gamma Gadgets Supplier B,https://images.unsplash.com/photo-1593359677879-a4bb92f829d1?q=80&w=800
Alpha Electronics,electrical,MCB,Havells,Havells MCB 119,MOD-1119,SKU-10119,HSN8119,piece,115,149,18,36,12,0,Alpha Electronics Supplier B,https://images.unsplash.com/photo-1593359677879-a4bb92f829d1?q=80&w=800
Alpha Electronics,electronics,Fan,Philips,Philips Fan 120,MOD-1120,SKU-10120,HSN8120,piece,1434,1864,18,48,12,0,Alpha Electronics Supplier A,https://images.unsplash.com/photo-1593359677879-a4bb92f829d1?q=80&w=800
Alpha Electronics,electronics,Iron,Philips,Philips Iron 121,MOD-1121,SKU-10121,HSN8121,piece,113,146,18,45,12,0,Alpha Electronics Supplier A,https://images.unsplash.com/photo-1593359677879-a4bb92f829d1?q=80&w=800
Gamma Gadgets,electronics,Mixer,Crompton,Crompton Mixer 122,MOD-1122,SKU-10122,HSN8122,piece,115,149,18,38,12,0,Gamma Gadgets Supplier A,https://images.unsplash.com/photo-1593359677879-a4bb92f829d1?q=80&w=800
Alpha Electronics,electrical,MCB,Bajaj,Bajaj MCB 123,MOD-1123,SKU-10123,HSN8123,piece,110,143,18,31,12,0,Alpha Electronics Supplier A,https://images.unsplash.com/photo-1593359677879-a4bb92f829d1?q=80&w=800
Beta Electricals,electrical,Wire,Bajaj,Bajaj Wire 124,MOD-1124,SKU-10124,HSN8124,piece,118,153,18,22,12,0,Beta Electricals Supplier A,https://images.unsplash.com/photo-1593359677879-a4bb92f829d1?q=80&w=800
Beta Electricals,electrical,Bulb,Crompton,Crompton Bulb 125,MOD-1125,SKU-10125,HSN8125,piece,108,140,18,10,12,0,Beta Electricals Supplier C,https://images.unsplash.com/photo-1593359677879-a4bb92f829d1?q=80&w=800
Alpha Electronics,electrical,Switch,Bajaj,Bajaj Switch 126,MOD-1126,SKU-10126,HSN8126,piece,54,70,18,18,12,0,Alpha Electronics Supplier C,https://images.unsplash.com/photo-1593359677879-a4bb92f829d1?q=80&w=800
Beta Electricals,electronics,Fridge,Samsung,Samsung Fridge 127,MOD-1127,SKU-10127,HSN8127,piece,16581,21555,18,23,12,0,Beta Electricals Supplier B,https://images.unsplash.com/photo-1593359677879-a4bb92f829d1?q=80&w=800
Gamma Gadgets,electronics,Fridge,Havells,Havells Fridge 128,MOD-1128,SKU-10128,HSN8128,piece,17069,22189,18,7,12,0,Gamma Gadgets Supplier A,https://images.unsplash.com/photo-1593359677879-a4bb92f829d1?q=80&w=800
Gamma Gadgets,electronics,Heater,Crompton,Crompton Heater 129,MOD-1129,SKU-10129,HSN8129,piece,109,141,18,47,12,0,Gamma Gadgets Supplier C,https://images.unsplash.com/photo-1593359677879-a4bb92f829d1?q=80&w=800
Beta Electricals,electrical,Wire,Crompton,Crompton Wire 130,MOD-1130,SKU-10130,HSN8130,piece,100,130,18,45,12,0,Beta Electricals Supplier A,https://images.unsplash.com/photo-1593359677879-a4bb92f829d1?q=80&w=800
Beta Electricals,electrical,Bulb,Samsung,Samsung Bulb 131,MOD-1131,SKU-10131,HSN8131,piece,112,145,18,14,12,0,Beta Electricals Supplier C,https://images.unsplash.com/photo-1593359677879-a4bb92f829d1?q=80&w=800
Beta Electricals,electronics,Iron,Crompton,Crompton Iron 132,MOD-1132,SKU-10132,HSN8132,piece,107,139,18,43,12,0,Beta Electricals Supplier B,https://images.unsplash.com/photo-1593359677879-a4bb92f829d1?q=80&w=800
Alpha Electronics,electrical,Switch,Legrand,Legrand Switch 133,MOD-1133,SKU-10133,HSN8133,piece,52,67,18,48,12,0,Alpha Electronics Supplier C,https://images.unsplash.com/photo-1593359677879-a4bb92f829d1?q=80&w=800
Gamma Gadgets,electronics,Mixer,Bajaj,Bajaj Mixer 134,MOD-1134,SKU-10134,HSN8134,piece,113,146,18,2,12,0,Gamma Gadgets Supplier C,https://images.unsplash.com/photo-1593359677879-a4bb92f829d1?q=80&w=800
Gamma Gadgets,electrical,MCB,Philips,Philips MCB 135,MOD-1135,SKU-10135,HSN8135,piece,100,130,18,47,12,0,Gamma Gadgets Supplier A,https://images.unsplash.com/photo-1593359677879-a4bb92f829d1?q=80&w=800
Beta Electricals,electrical,Bulb,Crompton,Crompton Bulb 136,MOD-1136,SKU-10136,HSN8136,piece,106,137,18,29,12,0,Beta Electricals Supplier C,https://images.unsplash.com/photo-1593359677879-a4bb92f829d1?q=80&w=800
Alpha Electronics,electrical,Bulb,Anchor,Anchor Bulb 137,MOD-1137,SKU-10137,HSN8137,piece,100,130,18,36,12,0,Alpha Electronics Supplier C,https://images.unsplash.com/photo-1593359677879-a4bb92f829d1?q=80&w=800
Beta Electricals,electronics,Fridge,Anchor,Anchor Fridge 138,MOD-1138,SKU-10138,HSN8138,piece,17846,23199,18,1,12,0,Beta Electricals Supplier B,https://images.unsplash.com/photo-1593359677879-a4bb92f829d1?q=80&w=800
Beta Electricals,electronics,Mixer,Legrand,Legrand Mixer 139,MOD-1139,SKU-10139,HSN8139,piece,113,146,18,29,12,0,Beta Electricals Supplier B,https://images.unsplash.com/photo-1593359677879-a4bb92f829d1?q=80&w=800
Beta Electricals,electrical,Switch,Havells,Havells Switch 140,MOD-1140,SKU-10140,HSN8140,piece,50,65,18,29,12,0,Beta Electricals Supplier A,https://images.unsplash.com/photo-1593359677879-a4bb92f829d1?q=80&w=800
Alpha Electronics,electronics,Fan,Philips,Philips Fan 141,MOD-1141,SKU-10141,HSN8141,piece,1207,1569,18,37,12,0,Alpha Electronics Supplier B,https://images.unsplash.com/photo-1593359677879-a4bb92f829d1?q=80&w=800
Gamma Gadgets,electronics,Fridge,LG,LG Fridge 142,MOD-1142,SKU-10142,HSN8142,piece,17110,22243,18,49,12,0,Gamma Gadgets Supplier C,https://images.unsplash.com/photo-1593359677879-a4bb92f829d1?q=80&w=800
Gamma Gadgets,electrical,Bulb,Philips,Philips Bulb 143,MOD-1143,SKU-10143,HSN8143,piece,111,144,18,8,12,0,Gamma Gadgets Supplier C,https://images.unsplash.com/photo-1593359677879-a4bb92f829d1?q=80&w=800
Beta Electricals,electrical,Bulb,Philips,Philips Bulb 144,MOD-1144,SKU-10144,HSN8144,piece,117,152,18,23,12,0,Beta Electricals Supplier C,https://images.unsplash.com/photo-1593359677879-a4bb92f829d1?q=80&w=800
Beta Electricals,electronics,Mixer,Philips,Philips Mixer 145,MOD-1145,SKU-10145,HSN8145,piece,101,131,18,44,12,0,Beta Electricals Supplier B,https://images.unsplash.com/photo-1593359677879-a4bb92f829d1?q=80&w=800
Alpha Electronics,electrical,Bulb,Havells,Havells Bulb 146,MOD-1146,SKU-10146,HSN8146,piece,113,146,18,4,12,0,Alpha Electronics Supplier A,https://images.unsplash.com/photo-1593359677879-a4bb92f829d1?q=80&w=800
Beta Electricals,electronics,Fan,Legrand,Legrand Fan 147,MOD-1147,SKU-10147,HSN8147,piece,1287,1673,18,5,12,0,Beta Electricals Supplier A,https://images.unsplash.com/photo-1593359677879-a4bb92f829d1?q=80&w=800
Alpha Electronics,electrical,MCB,Philips,Philips MCB 148,MOD-1148,SKU-10148,HSN8148,piece,102,132,18,26,12,0,Alpha Electronics Supplier B,https://images.unsplash.com/photo-1593359677879-a4bb92f829d1?q=80&w=800
Gamma Gadgets,electronics,Fridge,Philips,Philips Fridge 149,MOD-1149,SKU-10149,HSN8149,piece,17567,22837,18,25,12,0,Gamma Gadgets Supplier B,https://images.unsplash.com/photo-1593359677879-a4bb92f829d1?q=80&w=800
Beta Electricals,electronics,Heater,Usha,Usha Heater 150,MOD-1150,SKU-10150,HSN8150,piece,102,132,18,39,12,0,Beta Electricals Supplier A,https://images.unsplash.com/photo-1593359677879-a4bb92f829d1?q=80&w=800
Beta Electricals,electrical,MCB,Havells,Havells MCB 151,MOD-1151,SKU-10151,HSN8151,piece,116,150,18,31,12,0,Beta Electricals Supplier A,https://images.unsplash.com/photo-1593359677879-a4bb92f829d1?q=80&w=800
Alpha Electronics,electrical,Switch,Legrand,Legrand Switch 152,MOD-1152,SKU-10152,HSN8152,piece,55,71,18,16,12,0,Alpha Electronics Supplier C,https://images.unsplash.com/photo-1593359677879-a4bb92f829d1?q=80&w=800
Gamma Gadgets,electrical,Wire,Bajaj,Bajaj Wire 153,MOD-1153,SKU-10153,HSN8153,piece,110,143,18,3,12,0,Gamma Gadgets Supplier C,https://images.unsplash.com/photo-1593359677879-a4bb92f829d1?q=80&w=800
Beta Electricals,electrical,MCB,Legrand,Legrand MCB 154,MOD-1154,SKU-10154,HSN8154,piece,108,140,18,37,12,0,Beta Electricals Supplier A,https://images.unsplash.com/photo-1593359677879-a4bb92f829d1?q=80&w=800
Gamma Gadgets,electronics,Iron,Philips,Philips Iron 155,MOD-1155,SKU-10155,HSN8155,piece,115,149,18,3,12,0,Gamma Gadgets Supplier A,https://images.unsplash.com/photo-1593359677879-a4bb92f829d1?q=80&w=800
Beta Electricals,electronics,Fan,Usha,Usha Fan 156,MOD-1156,SKU-10156,HSN8156,piece,1405,1826,18,5,12,0,Beta Electricals Supplier A,https://images.unsplash.com/photo-1593359677879-a4bb92f829d1?q=80&w=800
Gamma Gadgets,electronics,Mixer,Bajaj,Bajaj Mixer 157,MOD-1157,SKU-10157,HSN8157,piece,102,132,18,21,12,0,Gamma Gadgets Supplier A,https://images.unsplash.com/photo-1593359677879-a4bb92f829d1?q=80&w=800
Alpha Electronics,electrical,Wire,Legrand,Legrand Wire 158,MOD-1158,SKU-10158,HSN8158,piece,113,146,18,1,12,0,Alpha Electronics Supplier B,https://images.unsplash.com/photo-1593359677879-a4bb92f829d1?q=80&w=800
Beta Electricals,electronics,Iron,Anchor,Anchor Iron 159,MOD-1159,SKU-10159,HSN8159,piece,108,140,18,12,12,0,Beta Electricals Supplier C,https://images.unsplash.com/photo-1593359677879-a4bb92f829d1?q=80&w=800
Gamma Gadgets,electrical,Wire,Usha,Usha Wire 160,MOD-1160,SKU-10160,HSN8160,piece,103,133,18,44,12,0,Gamma Gadgets Supplier C,https://images.unsplash.com/photo-1593359677879-a4bb92f829d1?q=80&w=800
Gamma Gadgets,electronics,Fan,Crompton,Crompton Fan 161,MOD-1161,SKU-10161,HSN8161,piece,1242,1614,18,45,12,0,Gamma Gadgets Supplier A,https://images.unsplash.com/photo-1593359677879-a4bb92f829d1?q=80&w=800
Alpha Electronics,electrical,Bulb,Usha,Usha Bulb 162,MOD-1162,SKU-10162,HSN8162,piece,104,135,18,39,12,0,Alpha Electronics Supplier A,https://images.unsplash.com/photo-1593359677879-a4bb92f829d1?q=80&w=800
Beta Electricals,electronics,Fan,Bajaj,Bajaj Fan 163,MOD-1163,SKU-10163,HSN8163,piece,1307,1699,18,11,12,0,Beta Electricals Supplier B,https://images.unsplash.com/photo-1593359677879-a4bb92f829d1?q=80&w=800
Gamma Gadgets,electronics,AC,Havells,Havells AC 164,MOD-1164,SKU-10164,HSN8164,piece,25543,33205,18,9,12,0,Gamma Gadgets Supplier B,https://images.unsplash.com/photo-1593359677879-a4bb92f829d1?q=80&w=800
Alpha Electronics,electronics,Iron,Crompton,Crompton Iron 165,MOD-1165,SKU-10165,HSN8165,piece,108,140,18,26,12,0,Alpha Electronics Supplier C,https://images.unsplash.com/photo-1593359677879-a4bb92f829d1?q=80&w=800
Gamma Gadgets,electronics,Iron,Legrand,Legrand Iron 166,MOD-1166,SKU-10166,HSN8166,piece,102,132,18,31,12,0,Gamma Gadgets Supplier B,https://images.unsplash.com/photo-1593359677879-a4bb92f829d1?q=80&w=800
Gamma Gadgets,electronics,AC,Bajaj,Bajaj AC 167,MOD-1167,SKU-10167,HSN8167,piece,26781,34815,18,39,12,0,Gamma Gadgets Supplier C,https://images.unsplash.com/photo-1593359677879-a4bb92f829d1?q=80&w=800
Gamma Gadgets,electronics,Fan,LG,LG Fan 168,MOD-1168,SKU-10168,HSN8168,piece,1305,1696,18,45,12,0,Gamma Gadgets Supplier B,https://images.unsplash.com/photo-1593359677879-a4bb92f829d1?q=80&w=800
Alpha Electronics,electrical,MCB,Crompton,Crompton MCB 169,MOD-1169,SKU-10169,HSN8169,piece,106,137,18,48,12,0,Alpha Electronics Supplier B,https://images.unsplash.com/photo-1593359677879-a4bb92f829d1?q=80&w=800
Alpha Electronics,electrical,Wire,Bajaj,Bajaj Wire 170,MOD-1170,SKU-10170,HSN8170,piece,109,141,18,11,12,0,Alpha Electronics Supplier B,https://images.unsplash.com/photo-1593359677879-a4bb92f829d1?q=80&w=800
Gamma Gadgets,electronics,Iron,Crompton,Crompton Iron 171,MOD-1171,SKU-10171,HSN8171,piece,111,144,18,17,12,0,Gamma Gadgets Supplier A,https://images.unsplash.com/photo-1593359677879-a4bb92f829d1?q=80&w=800
Alpha Electronics,electrical,Bulb,Legrand,Legrand Bulb 172,MOD-1172,SKU-10172,HSN8172,piece,119,154,18,35,12,0,Alpha Electronics Supplier B,https://images.unsplash.com/photo-1593359677879-a4bb92f829d1?q=80&w=800
Beta Electricals,electrical,Bulb,Legrand,Legrand Bulb 173,MOD-1173,SKU-10173,HSN8173,piece,115,149,18,13,12,0,Beta Electricals Supplier C,https://images.unsplash.com/photo-1593359677879-a4bb92f829d1?q=80&w=800
Beta Electricals,electronics,AC,Crompton,Crompton AC 174,MOD-1174,SKU-10174,HSN8174,piece,29302,38092,18,22,12,0,Beta Electricals Supplier C,https://images.unsplash.com/photo-1593359677879-a4bb92f829d1?q=80&w=800
Alpha Electronics,electrical,Switch,Usha,Usha Switch 175,MOD-1175,SKU-10175,HSN8175,piece,57,74,18,18,12,0,Alpha Electronics Supplier B,https://images.unsplash.com/photo-1593359677879-a4bb92f829d1?q=80&w=800
Alpha Electronics,electronics,Fridge,Philips,Philips Fridge 176,MOD-1176,SKU-10176,HSN8176,piece,16409,21331,18,34,12,0,Alpha Electronics Supplier B,https://images.unsplash.com/photo-1593359677879-a4bb92f829d1?q=80&w=800
Beta Electricals,electrical,Bulb,Philips,Philips Bulb 177,MOD-1177,SKU-10177,HSN8177,piece,115,149,18,29,12,0,Beta Electricals Supplier A,https://images.unsplash.com/photo-1593359677879-a4bb92f829d1?q=80&w=800
Alpha Electronics,electronics,Fridge,Philips,Philips Fridge 178,MOD-1178,SKU-10178,HSN8178,piece,17960,23348,18,46,12,0,Alpha Electronics Supplier A,https://images.unsplash.com/photo-1593359677879-a4bb92f829d1?q=80&w=800
Gamma Gadgets,electrical,Wire,Bajaj,Bajaj Wire 179,MOD-1179,SKU-10179,HSN8179,piece,111,144,18,18,12,0,Gamma Gadgets Supplier B,https://images.unsplash.com/photo-1593359677879-a4bb92f829d1?q=80&w=800
Alpha Electronics,electronics,Iron,Legrand,Legrand Iron 180,MOD-1180,SKU-10180,HSN8180,piece,115,149,18,41,12,0,Alpha Electronics Supplier C,https://images.unsplash.com/photo-1593359677879-a4bb92f829d1?q=80&w=800
Beta Electricals,electrical,Bulb,Legrand,Legrand Bulb 181,MOD-1181,SKU-10181,HSN8181,piece,112,145,18,23,12,0,Beta Electricals Supplier A,https://images.unsplash.com/photo-1593359677879-a4bb92f829d1?q=80&w=800
Beta Electricals,electrical,MCB,Crompton,Crompton MCB 182,MOD-1182,SKU-10182,HSN8182,piece,106,137,18,15,12,0,Beta Electricals Supplier A,https://images.unsplash.com/photo-1593359677879-a4bb92f829d1?q=80&w=800
Beta Electricals,electronics,AC,LG,LG AC 183,MOD-1183,SKU-10183,HSN8183,piece,26593,34570,18,24,12,0,Beta Electricals Supplier C,https://images.unsplash.com/photo-1593359677879-a4bb92f829d1?q=80&w=800
Alpha Electronics,electronics,Mixer,Samsung,Samsung Mixer 184,MOD-1184,SKU-10184,HSN8184,piece,111,144,18,17,12,0,Alpha Electronics Supplier C,https://images.unsplash.com/photo-1593359677879-a4bb92f829d1?q=80&w=800
Gamma Gadgets,electrical,Bulb,Crompton,Crompton Bulb 185,MOD-1185,SKU-10185,HSN8185,piece,108,140,18,46,12,0,Gamma Gadgets Supplier C,https://images.unsplash.com/photo-1593359677879-a4bb92f829d1?q=80&w=800
Gamma Gadgets,electrical,Wire,LG,LG Wire 186,MOD-1186,SKU-10186,HSN8186,piece,119,154,18,48,12,0,Gamma Gadgets Supplier A,https://images.unsplash.com/photo-1593359677879-a4bb92f829d1?q=80&w=800
Gamma Gadgets,electronics,AC,Legrand,Legrand AC 187,MOD-1187,SKU-10187,HSN8187,piece,25923,33699,18,17,12,0,Gamma Gadgets Supplier C,https://images.unsplash.com/photo-1593359677879-a4bb92f829d1?q=80&w=800
Beta Electricals,electrical,Wire,LG,LG Wire 188,MOD-1188,SKU-10188,HSN8188,piece,104,135,18,45,12,0,Beta Electricals Supplier A,https://images.unsplash.com/photo-1593359677879-a4bb92f829d1?q=80&w=800
Alpha Electronics,electronics,Mixer,Legrand,Legrand Mixer 189,MOD-1189,SKU-10189,HSN8189,piece,101,131,18,3,12,0,Alpha Electronics Supplier B,https://images.unsplash.com/photo-1593359677879-a4bb92f829d1?q=80&w=800
Beta Electricals,electronics,Fan,LG,LG Fan 190,MOD-1190,SKU-10190,HSN8190,piece,1259,1636,18,26,12,0,Beta Electricals Supplier B,https://images.unsplash.com/photo-1593359677879-a4bb92f829d1?q=80&w=800
Gamma Gadgets,electronics,Fan,Bajaj,Bajaj Fan 191,MOD-1191,SKU-10191,HSN8191,piece,1213,1576,18,28,12,0,Gamma Gadgets Supplier A,https://images.unsplash.com/photo-1593359677879-a4bb92f829d1?q=80&w=800
Beta Electricals,electrical,MCB,Samsung,Samsung MCB 192,MOD-1192,SKU-10192,HSN8192,piece,114,148,18,11,12,0,Beta Electricals Supplier B,https://images.unsplash.com/photo-1593359677879-a4bb92f829d1?q=80&w=800
Gamma Gadgets,electronics,Heater,Philips,Philips Heater 193,MOD-1193,SKU-10193,HSN8193,piece,109,141,18,43,12,0,Gamma Gadgets Supplier C,https://images.unsplash.com/photo-1593359677879-a4bb92f829d1?q=80&w=800
Alpha Electronics,electrical,Wire,Usha,Usha Wire 194,MOD-1194,SKU-10194,HSN8194,piece,116,150,18,23,12,0,Alpha Electronics Supplier B,https://images.unsplash.com/photo-1593359677879-a4bb92f829d1?q=80&w=800
Alpha Electronics,electrical,Switch,Crompton,Crompton Switch 195,MOD-1195,SKU-10195,HSN8195,piece,52,67,18,15,12,0,Alpha Electronics Supplier B,https://images.unsplash.com/photo-1593359677879-a4bb92f829d1?q=80&w=800
Gamma Gadgets,electronics,Iron,Samsung,Samsung Iron 196,MOD-1196,SKU-10196,HSN8196,piece,112,145,18,33,12,0,Gamma Gadgets Supplier B,https://images.unsplash.com/photo-1593359677879-a4bb92f829d1?q=80&w=800
Beta Electricals,electronics,AC,Samsung,Samsung AC 197,MOD-1197,SKU-10197,HSN8197,piece,25188,32744,18,14,12,0,Beta Electricals Supplier A,https://images.unsplash.com/photo-1593359677879-a4bb92f829d1?q=80&w=800
Gamma Gadgets,electronics,AC,Crompton,Crompton AC 198,MOD-1198,SKU-10198,HSN8198,piece,28591,37168,18,21,12,0,Gamma Gadgets Supplier B,https://images.unsplash.com/photo-1593359677879-a4bb92f829d1?q=80&w=800
Alpha Electronics,electronics,Heater,Usha,Usha Heater 199,MOD-1199,SKU-10199,HSN8199,piece,111,144,18,19,12,0,Alpha Electronics Supplier A,https://images.unsplash.com/photo-1593359677879-a4bb92f829d1?q=80&w=800
Beta Electricals,electronics,Iron,Anchor,Anchor Iron 200,MOD-1200,SKU-10200,HSN8200,piece,117,152,18,45,12,0,Beta Electricals Supplier B,https://images.unsplash.com/photo-1593359677879-a4bb92f829d1?q=80&w=800
